<?xml version="1.0" encoding="UTF-8"?>
<hibernate-configuration>
 <session-factory>
 	<property name="hibernate.connection.driver_class">com.mysql.jdbc.Driver</property>
 	<property name="hibernate.connection.url">jdbc:mysql://localhost:3306/nit</property>
 	<property name="hibernate.connection.username">root</property>
 	<property name="hibernate.connection.password">root</property>

 	<property name="hibernate.dialect">org.hibernate.dialect.MySQL55Dialect</property>
 	<property name="hibernate.show_sql">true</property>
 	<property name="hibernate.format_sql">true</property>
 	<property name="hibernate.hbm2ddl.auto">update</property>
 
	<mapping class="in.nit.model.Employee"/> 
 
 </session-factory>
</hibernate-configuration>



