{"name":"JerseyProducerHibernateApp","classpathEntries":[{"kind":"binary","path":"C:\\Program Files\\Java\\jdk-13.0.1\\lib\\jrt-fs.jar","sourceContainerUrl":"file:/C:/Program%20Files/Java/jdk-13.0.1/lib/src.zip","javadocContainerUrl":"https://docs.oracle.com/javase/13/docs/api/","isSystem":true,"isOwn":false,"isTest":false,"isJavaContent":false},{"kind":"binary","path":"C:\\Users\\nareshit\\.m2\\repository\\org\\glassfish\\jersey\\containers\\jersey-container-servlet\\2.30\\jersey-container-servlet-2.30.jar","sourceContainerUrl":"file:/C:/Users/nareshit/.m2/repository/org/glassfish/jersey/containers/jersey-container-servlet/2.30/jersey-container-servlet-2.30-sources.jar","javadocContainerUrl":"file:/C:/Users/nareshit/.m2/repository/org/glassfish/jersey/containers/jersey-container-servlet/2.30/jersey-container-servlet-2.30-javadoc.jar","isSystem":false,"isOwn":false,"isTest":false,"isJavaContent":false},{"kind":"binary","path":"C:\\Users\\nareshit\\.m2\\repository\\org\\glassfish\\jersey\\containers\\jersey-container-servlet-core\\2.30\\jersey-container-servlet-core-2.30.jar","sourceContainerUrl":"file:/C:/Users/nareshit/.m2/repository/org/glassfish/jersey/containers/jersey-container-servlet-core/2.30/jersey-container-servlet-core-2.30-sources.jar","javadocContainerUrl":"file:/C:/Users/nareshit/.m2/repository/org/glassfish/jersey/containers/jersey-container-servlet-core/2.30/jersey-container-servlet-core-2.30-javadoc.jar","isSystem":false,"isOwn":false,"isTest":false,"isJavaContent":false},{"kind":"binary","path":"C:\\Users\\nareshit\\.m2\\repository\\org\\glassfish\\hk2\\external\\jakarta.inject\\2.6.1\\jakarta.inject-2.6.1.jar","sourceContainerUrl":"file:/C:/Users/nareshit/.m2/repository/org/glassfish/hk2/external/jakarta.inject/2.6.1/jakarta.inject-2.6.1-sources.jar","javadocContainerUrl":"file:/C:/Users/nareshit/.m2/repository/org/glassfish/hk2/external/jakarta.inject/2.6.1/jakarta.inject-2.6.1-javadoc.jar","isSystem":false,"isOwn":false,"isTest":false,"isJavaContent":false},{"kind":"binary","path":"C:\\Users\\nareshit\\.m2\\repository\\org\\glassfish\\jersey\\core\\jersey-common\\2.30\\jersey-common-2.30.jar","sourceContainerUrl":"file:/C:/Users/nareshit/.m2/repository/org/glassfish/jersey/core/jersey-common/2.30/jersey-common-2.30-sources.jar","javadocContainerUrl":"file:/C:/Users/nareshit/.m2/repository/org/glassfish/jersey/core/jersey-common/2.30/jersey-common-2.30-javadoc.jar","isSystem":false,"isOwn":false,"isTest":false,"isJavaContent":false},{"kind":"binary","path":"C:\\Users\\nareshit\\.m2\\repository\\jakarta\\annotation\\jakarta.annotation-api\\1.3.5\\jakarta.annotation-api-1.3.5.jar","sourceContainerUrl":"file:/C:/Users/nareshit/.m2/repository/jakarta/annotation/jakarta.annotation-api/1.3.5/jakarta.annotation-api-1.3.5-sources.jar","javadocContainerUrl":"file:/C:/Users/nareshit/.m2/repository/jakarta/annotation/jakarta.annotation-api/1.3.5/jakarta.annotation-api-1.3.5-javadoc.jar","isSystem":false,"isOwn":false,"isTest":false,"isJavaContent":false},{"kind":"binary","path":"C:\\Users\\nareshit\\.m2\\repository\\org\\glassfish\\hk2\\osgi-resource-locator\\1.0.3\\osgi-resource-locator-1.0.3.jar","sourceContainerUrl":"file:/C:/Users/nareshit/.m2/repository/org/glassfish/hk2/osgi-resource-locator/1.0.3/osgi-resource-locator-1.0.3-sources.jar","javadocContainerUrl":"file:/C:/Users/nareshit/.m2/repository/org/glassfish/hk2/osgi-resource-locator/1.0.3/osgi-resource-locator-1.0.3-javadoc.jar","isSystem":false,"isOwn":false,"isTest":false,"isJavaContent":false},{"kind":"binary","path":"C:\\Users\\nareshit\\.m2\\repository\\com\\sun\\activation\\jakarta.activation\\1.2.1\\jakarta.activation-1.2.1.jar","sourceContainerUrl":"file:/C:/Users/nareshit/.m2/repository/com/sun/activation/jakarta.activation/1.2.1/jakarta.activation-1.2.1-sources.jar","javadocContainerUrl":"file:/C:/Users/nareshit/.m2/repository/com/sun/activation/jakarta.activation/1.2.1/jakarta.activation-1.2.1-javadoc.jar","isSystem":false,"isOwn":false,"isTest":false,"isJavaContent":false},{"kind":"binary","path":"C:\\Users\\nareshit\\.m2\\repository\\org\\glassfish\\jersey\\core\\jersey-server\\2.30\\jersey-server-2.30.jar","sourceContainerUrl":"file:/C:/Users/nareshit/.m2/repository/org/glassfish/jersey/core/jersey-server/2.30/jersey-server-2.30-sources.jar","javadocContainerUrl":"file:/C:/Users/nareshit/.m2/repository/org/glassfish/jersey/core/jersey-server/2.30/jersey-server-2.30-javadoc.jar","isSystem":false,"isOwn":false,"isTest":false,"isJavaContent":false},{"kind":"binary","path":"C:\\Users\\nareshit\\.m2\\repository\\org\\glassfish\\jersey\\core\\jersey-client\\2.30\\jersey-client-2.30.jar","sourceContainerUrl":"file:/C:/Users/nareshit/.m2/repository/org/glassfish/jersey/core/jersey-client/2.30/jersey-client-2.30-sources.jar","javadocContainerUrl":"file:/C:/Users/nareshit/.m2/repository/org/glassfish/jersey/core/jersey-client/2.30/jersey-client-2.30-javadoc.jar","isSystem":false,"isOwn":false,"isTest":false,"isJavaContent":false},{"kind":"binary","path":"C:\\Users\\nareshit\\.m2\\repository\\org\\glassfish\\jersey\\media\\jersey-media-jaxb\\2.30\\jersey-media-jaxb-2.30.jar","sourceContainerUrl":"file:/C:/Users/nareshit/.m2/repository/org/glassfish/jersey/media/jersey-media-jaxb/2.30/jersey-media-jaxb-2.30-sources.jar","javadocContainerUrl":"file:/C:/Users/nareshit/.m2/repository/org/glassfish/jersey/media/jersey-media-jaxb/2.30/jersey-media-jaxb-2.30-javadoc.jar","isSystem":false,"isOwn":false,"isTest":false,"isJavaContent":false},{"kind":"binary","path":"C:\\Users\\nareshit\\.m2\\repository\\jakarta\\validation\\jakarta.validation-api\\2.0.2\\jakarta.validation-api-2.0.2.jar","sourceContainerUrl":"file:/C:/Users/nareshit/.m2/repository/jakarta/validation/jakarta.validation-api/2.0.2/jakarta.validation-api-2.0.2-sources.jar","javadocContainerUrl":"file:/C:/Users/nareshit/.m2/repository/jakarta/validation/jakarta.validation-api/2.0.2/jakarta.validation-api-2.0.2-javadoc.jar","isSystem":false,"isOwn":false,"isTest":false,"isJavaContent":false},{"kind":"binary","path":"C:\\Users\\nareshit\\.m2\\repository\\jakarta\\xml\\bind\\jakarta.xml.bind-api\\2.3.2\\jakarta.xml.bind-api-2.3.2.jar","sourceContainerUrl":"file:/C:/Users/nareshit/.m2/repository/jakarta/xml/bind/jakarta.xml.bind-api/2.3.2/jakarta.xml.bind-api-2.3.2-sources.jar","javadocContainerUrl":"file:/C:/Users/nareshit/.m2/repository/jakarta/xml/bind/jakarta.xml.bind-api/2.3.2/jakarta.xml.bind-api-2.3.2-javadoc.jar","isSystem":false,"isOwn":false,"isTest":false,"isJavaContent":false},{"kind":"binary","path":"C:\\Users\\nareshit\\.m2\\repository\\jakarta\\activation\\jakarta.activation-api\\1.2.1\\jakarta.activation-api-1.2.1.jar","sourceContainerUrl":"file:/C:/Users/nareshit/.m2/repository/jakarta/activation/jakarta.activation-api/1.2.1/jakarta.activation-api-1.2.1-sources.jar","javadocContainerUrl":"file:/C:/Users/nareshit/.m2/repository/jakarta/activation/jakarta.activation-api/1.2.1/jakarta.activation-api-1.2.1-javadoc.jar","isSystem":false,"isOwn":false,"isTest":false,"isJavaContent":false},{"kind":"binary","path":"C:\\Users\\nareshit\\.m2\\repository\\jakarta\\ws\\rs\\jakarta.ws.rs-api\\2.1.6\\jakarta.ws.rs-api-2.1.6.jar","sourceContainerUrl":"file:/C:/Users/nareshit/.m2/repository/jakarta/ws/rs/jakarta.ws.rs-api/2.1.6/jakarta.ws.rs-api-2.1.6-sources.jar","javadocContainerUrl":"file:/C:/Users/nareshit/.m2/repository/jakarta/ws/rs/jakarta.ws.rs-api/2.1.6/jakarta.ws.rs-api-2.1.6-javadoc.jar","isSystem":false,"isOwn":false,"isTest":false,"isJavaContent":false},{"kind":"binary","path":"C:\\Users\\nareshit\\.m2\\repository\\org\\glassfish\\jersey\\inject\\jersey-hk2\\2.30\\jersey-hk2-2.30.jar","sourceContainerUrl":"file:/C:/Users/nareshit/.m2/repository/org/glassfish/jersey/inject/jersey-hk2/2.30/jersey-hk2-2.30-sources.jar","javadocContainerUrl":"file:/C:/Users/nareshit/.m2/repository/org/glassfish/jersey/inject/jersey-hk2/2.30/jersey-hk2-2.30-javadoc.jar","isSystem":false,"isOwn":false,"isTest":false,"isJavaContent":false},{"kind":"binary","path":"C:\\Users\\nareshit\\.m2\\repository\\org\\glassfish\\hk2\\hk2-locator\\2.6.1\\hk2-locator-2.6.1.jar","sourceContainerUrl":"file:/C:/Users/nareshit/.m2/repository/org/glassfish/hk2/hk2-locator/2.6.1/hk2-locator-2.6.1-sources.jar","javadocContainerUrl":"file:/C:/Users/nareshit/.m2/repository/org/glassfish/hk2/hk2-locator/2.6.1/hk2-locator-2.6.1-javadoc.jar","isSystem":false,"isOwn":false,"isTest":false,"isJavaContent":false},{"kind":"binary","path":"C:\\Users\\nareshit\\.m2\\repository\\org\\glassfish\\hk2\\external\\aopalliance-repackaged\\2.6.1\\aopalliance-repackaged-2.6.1.jar","sourceContainerUrl":"file:/C:/Users/nareshit/.m2/repository/org/glassfish/hk2/external/aopalliance-repackaged/2.6.1/aopalliance-repackaged-2.6.1-sources.jar","javadocContainerUrl":"file:/C:/Users/nareshit/.m2/repository/org/glassfish/hk2/external/aopalliance-repackaged/2.6.1/aopalliance-repackaged-2.6.1-javadoc.jar","isSystem":false,"isOwn":false,"isTest":false,"isJavaContent":false},{"kind":"binary","path":"C:\\Users\\nareshit\\.m2\\repository\\org\\glassfish\\hk2\\hk2-api\\2.6.1\\hk2-api-2.6.1.jar","sourceContainerUrl":"file:/C:/Users/nareshit/.m2/repository/org/glassfish/hk2/hk2-api/2.6.1/hk2-api-2.6.1-sources.jar","javadocContainerUrl":"file:/C:/Users/nareshit/.m2/repository/org/glassfish/hk2/hk2-api/2.6.1/hk2-api-2.6.1-javadoc.jar","isSystem":false,"isOwn":false,"isTest":false,"isJavaContent":false},{"kind":"binary","path":"C:\\Users\\nareshit\\.m2\\repository\\org\\glassfish\\hk2\\hk2-utils\\2.6.1\\hk2-utils-2.6.1.jar","sourceContainerUrl":"file:/C:/Users/nareshit/.m2/repository/org/glassfish/hk2/hk2-utils/2.6.1/hk2-utils-2.6.1-sources.jar","javadocContainerUrl":"file:/C:/Users/nareshit/.m2/repository/org/glassfish/hk2/hk2-utils/2.6.1/hk2-utils-2.6.1-javadoc.jar","isSystem":false,"isOwn":false,"isTest":false,"isJavaContent":false},{"kind":"binary","path":"C:\\Users\\nareshit\\.m2\\repository\\org\\javassist\\javassist\\3.25.0-GA\\javassist-3.25.0-GA.jar","sourceContainerUrl":"file:/C:/Users/nareshit/.m2/repository/org/javassist/javassist/3.25.0-GA/javassist-3.25.0-GA-sources.jar","javadocContainerUrl":"file:/C:/Users/nareshit/.m2/repository/org/javassist/javassist/3.25.0-GA/javassist-3.25.0-GA-javadoc.jar","isSystem":false,"isOwn":false,"isTest":false,"isJavaContent":false},{"kind":"binary","path":"C:\\Users\\nareshit\\.m2\\repository\\org\\glassfish\\jersey\\media\\jersey-media-json-jackson\\2.30\\jersey-media-json-jackson-2.30.jar","sourceContainerUrl":"file:/C:/Users/nareshit/.m2/repository/org/glassfish/jersey/media/jersey-media-json-jackson/2.30/jersey-media-json-jackson-2.30-sources.jar","javadocContainerUrl":"file:/C:/Users/nareshit/.m2/repository/org/glassfish/jersey/media/jersey-media-json-jackson/2.30/jersey-media-json-jackson-2.30-javadoc.jar","isSystem":false,"isOwn":false,"isTest":false,"isJavaContent":false},{"kind":"binary","path":"C:\\Users\\nareshit\\.m2\\repository\\org\\glassfish\\jersey\\ext\\jersey-entity-filtering\\2.30\\jersey-entity-filtering-2.30.jar","sourceContainerUrl":"file:/C:/Users/nareshit/.m2/repository/org/glassfish/jersey/ext/jersey-entity-filtering/2.30/jersey-entity-filtering-2.30-sources.jar","javadocContainerUrl":"file:/C:/Users/nareshit/.m2/repository/org/glassfish/jersey/ext/jersey-entity-filtering/2.30/jersey-entity-filtering-2.30-javadoc.jar","isSystem":false,"isOwn":false,"isTest":false,"isJavaContent":false},{"kind":"binary","path":"C:\\Users\\nareshit\\.m2\\repository\\com\\fasterxml\\jackson\\core\\jackson-annotations\\2.9.9\\jackson-annotations-2.9.9.jar","sourceContainerUrl":"file:/C:/Users/nareshit/.m2/repository/com/fasterxml/jackson/core/jackson-annotations/2.9.9/jackson-annotations-2.9.9-sources.jar","javadocContainerUrl":"file:/C:/Users/nareshit/.m2/repository/com/fasterxml/jackson/core/jackson-annotations/2.9.9/jackson-annotations-2.9.9-javadoc.jar","isSystem":false,"isOwn":false,"isTest":false,"isJavaContent":false},{"kind":"binary","path":"C:\\Users\\nareshit\\.m2\\repository\\com\\fasterxml\\jackson\\core\\jackson-databind\\2.9.9\\jackson-databind-2.9.9.jar","sourceContainerUrl":"file:/C:/Users/nareshit/.m2/repository/com/fasterxml/jackson/core/jackson-databind/2.9.9/jackson-databind-2.9.9-sources.jar","javadocContainerUrl":"file:/C:/Users/nareshit/.m2/repository/com/fasterxml/jackson/core/jackson-databind/2.9.9/jackson-databind-2.9.9-javadoc.jar","isSystem":false,"isOwn":false,"isTest":false,"isJavaContent":false},{"kind":"binary","path":"C:\\Users\\nareshit\\.m2\\repository\\com\\fasterxml\\jackson\\core\\jackson-core\\2.9.9\\jackson-core-2.9.9.jar","sourceContainerUrl":"file:/C:/Users/nareshit/.m2/repository/com/fasterxml/jackson/core/jackson-core/2.9.9/jackson-core-2.9.9-sources.jar","javadocContainerUrl":"file:/C:/Users/nareshit/.m2/repository/com/fasterxml/jackson/core/jackson-core/2.9.9/jackson-core-2.9.9-javadoc.jar","isSystem":false,"isOwn":false,"isTest":false,"isJavaContent":false},{"kind":"binary","path":"C:\\Users\\nareshit\\.m2\\repository\\com\\fasterxml\\jackson\\module\\jackson-module-jaxb-annotations\\2.9.9\\jackson-module-jaxb-annotations-2.9.9.jar","sourceContainerUrl":"file:/C:/Users/nareshit/.m2/repository/com/fasterxml/jackson/module/jackson-module-jaxb-annotations/2.9.9/jackson-module-jaxb-annotations-2.9.9-sources.jar","javadocContainerUrl":"file:/C:/Users/nareshit/.m2/repository/com/fasterxml/jackson/module/jackson-module-jaxb-annotations/2.9.9/jackson-module-jaxb-annotations-2.9.9-javadoc.jar","isSystem":false,"isOwn":false,"isTest":false,"isJavaContent":false},{"kind":"binary","path":"C:\\Users\\nareshit\\.m2\\repository\\org\\hibernate\\hibernate-core\\5.4.10.Final\\hibernate-core-5.4.10.Final.jar","sourceContainerUrl":"file:/C:/Users/nareshit/.m2/repository/org/hibernate/hibernate-core/5.4.10.Final/hibernate-core-5.4.10.Final-sources.jar","javadocContainerUrl":"file:/C:/Users/nareshit/.m2/repository/org/hibernate/hibernate-core/5.4.10.Final/hibernate-core-5.4.10.Final-javadoc.jar","isSystem":false,"isOwn":false,"isTest":false,"isJavaContent":false},{"kind":"binary","path":"C:\\Users\\nareshit\\.m2\\repository\\org\\jboss\\logging\\jboss-logging\\3.3.2.Final\\jboss-logging-3.3.2.Final.jar","sourceContainerUrl":"file:/C:/Users/nareshit/.m2/repository/org/jboss/logging/jboss-logging/3.3.2.Final/jboss-logging-3.3.2.Final-sources.jar","javadocContainerUrl":"file:/C:/Users/nareshit/.m2/repository/org/jboss/logging/jboss-logging/3.3.2.Final/jboss-logging-3.3.2.Final-javadoc.jar","isSystem":false,"isOwn":false,"isTest":false,"isJavaContent":false},{"kind":"binary","path":"C:\\Users\\nareshit\\.m2\\repository\\javax\\persistence\\javax.persistence-api\\2.2\\javax.persistence-api-2.2.jar","sourceContainerUrl":"file:/C:/Users/nareshit/.m2/repository/javax/persistence/javax.persistence-api/2.2/javax.persistence-api-2.2-sources.jar","javadocContainerUrl":"file:/C:/Users/nareshit/.m2/repository/javax/persistence/javax.persistence-api/2.2/javax.persistence-api-2.2-javadoc.jar","isSystem":false,"isOwn":false,"isTest":false,"isJavaContent":false},{"kind":"binary","path":"C:\\Users\\nareshit\\.m2\\repository\\net\\bytebuddy\\byte-buddy\\1.10.2\\byte-buddy-1.10.2.jar","sourceContainerUrl":"file:/C:/Users/nareshit/.m2/repository/net/bytebuddy/byte-buddy/1.10.2/byte-buddy-1.10.2-sources.jar","javadocContainerUrl":"file:/C:/Users/nareshit/.m2/repository/net/bytebuddy/byte-buddy/1.10.2/byte-buddy-1.10.2-javadoc.jar","isSystem":false,"isOwn":false,"isTest":false,"isJavaContent":false},{"kind":"binary","path":"C:\\Users\\nareshit\\.m2\\repository\\antlr\\antlr\\2.7.7\\antlr-2.7.7.jar","isSystem":false,"isOwn":false,"isTest":false,"isJavaContent":false},{"kind":"binary","path":"C:\\Users\\nareshit\\.m2\\repository\\org\\jboss\\spec\\javax\\transaction\\jboss-transaction-api_1.2_spec\\1.1.1.Final\\jboss-transaction-api_1.2_spec-1.1.1.Final.jar","sourceContainerUrl":"file:/C:/Users/nareshit/.m2/repository/org/jboss/spec/javax/transaction/jboss-transaction-api_1.2_spec/1.1.1.Final/jboss-transaction-api_1.2_spec-1.1.1.Final-sources.jar","javadocContainerUrl":"file:/C:/Users/nareshit/.m2/repository/org/jboss/spec/javax/transaction/jboss-transaction-api_1.2_spec/1.1.1.Final/jboss-transaction-api_1.2_spec-1.1.1.Final-javadoc.jar","isSystem":false,"isOwn":false,"isTest":false,"isJavaContent":false},{"kind":"binary","path":"C:\\Users\\nareshit\\.m2\\repository\\org\\jboss\\jandex\\2.1.1.Final\\jandex-2.1.1.Final.jar","sourceContainerUrl":"file:/C:/Users/nareshit/.m2/repository/org/jboss/jandex/2.1.1.Final/jandex-2.1.1.Final-sources.jar","isSystem":false,"isOwn":false,"isTest":false,"isJavaContent":false},{"kind":"binary","path":"C:\\Users\\nareshit\\.m2\\repository\\com\\fasterxml\\classmate\\1.5.1\\classmate-1.5.1.jar","sourceContainerUrl":"file:/C:/Users/nareshit/.m2/repository/com/fasterxml/classmate/1.5.1/classmate-1.5.1-sources.jar","javadocContainerUrl":"file:/C:/Users/nareshit/.m2/repository/com/fasterxml/classmate/1.5.1/classmate-1.5.1-javadoc.jar","isSystem":false,"isOwn":false,"isTest":false,"isJavaContent":false},{"kind":"binary","path":"C:\\Users\\nareshit\\.m2\\repository\\javax\\activation\\javax.activation-api\\1.2.0\\javax.activation-api-1.2.0.jar","sourceContainerUrl":"file:/C:/Users/nareshit/.m2/repository/javax/activation/javax.activation-api/1.2.0/javax.activation-api-1.2.0-sources.jar","javadocContainerUrl":"file:/C:/Users/nareshit/.m2/repository/javax/activation/javax.activation-api/1.2.0/javax.activation-api-1.2.0-javadoc.jar","isSystem":false,"isOwn":false,"isTest":false,"isJavaContent":false},{"kind":"binary","path":"C:\\Users\\nareshit\\.m2\\repository\\org\\dom4j\\dom4j\\2.1.1\\dom4j-2.1.1.jar","sourceContainerUrl":"file:/C:/Users/nareshit/.m2/repository/org/dom4j/dom4j/2.1.1/dom4j-2.1.1-sources.jar","javadocContainerUrl":"file:/C:/Users/nareshit/.m2/repository/org/dom4j/dom4j/2.1.1/dom4j-2.1.1-javadoc.jar","isSystem":false,"isOwn":false,"isTest":false,"isJavaContent":false},{"kind":"binary","path":"C:\\Users\\nareshit\\.m2\\repository\\org\\hibernate\\common\\hibernate-commons-annotations\\5.1.0.Final\\hibernate-commons-annotations-5.1.0.Final.jar","sourceContainerUrl":"file:/C:/Users/nareshit/.m2/repository/org/hibernate/common/hibernate-commons-annotations/5.1.0.Final/hibernate-commons-annotations-5.1.0.Final-sources.jar","isSystem":false,"isOwn":false,"isTest":false,"isJavaContent":false},{"kind":"binary","path":"C:\\Users\\nareshit\\.m2\\repository\\javax\\xml\\bind\\jaxb-api\\2.3.1\\jaxb-api-2.3.1.jar","sourceContainerUrl":"file:/C:/Users/nareshit/.m2/repository/javax/xml/bind/jaxb-api/2.3.1/jaxb-api-2.3.1-sources.jar","javadocContainerUrl":"file:/C:/Users/nareshit/.m2/repository/javax/xml/bind/jaxb-api/2.3.1/jaxb-api-2.3.1-javadoc.jar","isSystem":false,"isOwn":false,"isTest":false,"isJavaContent":false},{"kind":"binary","path":"C:\\Users\\nareshit\\.m2\\repository\\org\\glassfish\\jaxb\\jaxb-runtime\\2.3.1\\jaxb-runtime-2.3.1.jar","sourceContainerUrl":"file:/C:/Users/nareshit/.m2/repository/org/glassfish/jaxb/jaxb-runtime/2.3.1/jaxb-runtime-2.3.1-sources.jar","javadocContainerUrl":"file:/C:/Users/nareshit/.m2/repository/org/glassfish/jaxb/jaxb-runtime/2.3.1/jaxb-runtime-2.3.1-javadoc.jar","isSystem":false,"isOwn":false,"isTest":false,"isJavaContent":false},{"kind":"binary","path":"C:\\Users\\nareshit\\.m2\\repository\\org\\glassfish\\jaxb\\txw2\\2.3.1\\txw2-2.3.1.jar","sourceContainerUrl":"file:/C:/Users/nareshit/.m2/repository/org/glassfish/jaxb/txw2/2.3.1/txw2-2.3.1-sources.jar","javadocContainerUrl":"file:/C:/Users/nareshit/.m2/repository/org/glassfish/jaxb/txw2/2.3.1/txw2-2.3.1-javadoc.jar","isSystem":false,"isOwn":false,"isTest":false,"isJavaContent":false},{"kind":"binary","path":"C:\\Users\\nareshit\\.m2\\repository\\com\\sun\\istack\\istack-commons-runtime\\3.0.7\\istack-commons-runtime-3.0.7.jar","sourceContainerUrl":"file:/C:/Users/nareshit/.m2/repository/com/sun/istack/istack-commons-runtime/3.0.7/istack-commons-runtime-3.0.7-sources.jar","javadocContainerUrl":"file:/C:/Users/nareshit/.m2/repository/com/sun/istack/istack-commons-runtime/3.0.7/istack-commons-runtime-3.0.7-javadoc.jar","isSystem":false,"isOwn":false,"isTest":false,"isJavaContent":false},{"kind":"binary","path":"C:\\Users\\nareshit\\.m2\\repository\\org\\jvnet\\staxex\\stax-ex\\1.8\\stax-ex-1.8.jar","sourceContainerUrl":"file:/C:/Users/nareshit/.m2/repository/org/jvnet/staxex/stax-ex/1.8/stax-ex-1.8-sources.jar","javadocContainerUrl":"file:/C:/Users/nareshit/.m2/repository/org/jvnet/staxex/stax-ex/1.8/stax-ex-1.8-javadoc.jar","isSystem":false,"isOwn":false,"isTest":false,"isJavaContent":false},{"kind":"binary","path":"C:\\Users\\nareshit\\.m2\\repository\\com\\sun\\xml\\fastinfoset\\FastInfoset\\1.2.15\\FastInfoset-1.2.15.jar","sourceContainerUrl":"file:/C:/Users/nareshit/.m2/repository/com/sun/xml/fastinfoset/FastInfoset/1.2.15/FastInfoset-1.2.15-sources.jar","javadocContainerUrl":"file:/C:/Users/nareshit/.m2/repository/com/sun/xml/fastinfoset/FastInfoset/1.2.15/FastInfoset-1.2.15-javadoc.jar","isSystem":false,"isOwn":false,"isTest":false,"isJavaContent":false},{"kind":"binary","path":"C:\\Users\\nareshit\\.m2\\repository\\mysql\\mysql-connector-java\\5.1.46\\mysql-connector-java-5.1.46.jar","sourceContainerUrl":"file:/C:/Users/nareshit/.m2/repository/mysql/mysql-connector-java/5.1.46/mysql-connector-java-5.1.46-sources.jar","isSystem":false,"isOwn":false,"isTest":false,"isJavaContent":false},{"kind":"source","path":"D:\\Webservices_4PM_JAN_2019\\JerseyProducerHibernateApp\\src\\main\\java","outputFolder":"D:\\Webservices_4PM_JAN_2019\\JerseyProducerHibernateApp\\target\\classes","javadocContainerUrl":"file:/D:/Webservices_4PM_JAN_2019/JerseyProducerHibernateApp/target/site/apidocs","isSystem":false,"isOwn":true,"isTest":false,"isJavaContent":true},{"kind":"source","path":"D:\\Webservices_4PM_JAN_2019\\JerseyProducerHibernateApp\\src\\test\\java","outputFolder":"D:\\Webservices_4PM_JAN_2019\\JerseyProducerHibernateApp\\target\\test-classes","javadocContainerUrl":"file:/D:/Webservices_4PM_JAN_2019/JerseyProducerHibernateApp/target/site/apidocs","isSystem":false,"isOwn":true,"isTest":true,"isJavaContent":true},{"kind":"source","path":"D:\\Webservices_4PM_JAN_2019\\JerseyProducerHibernateApp\\src\\main\\resources","outputFolder":"D:\\Webservices_4PM_JAN_2019\\JerseyProducerHibernateApp\\target\\classes","isSystem":false,"isOwn":true,"isTest":false,"isJavaContent":false},{"kind":"source","path":"D:\\Webservices_4PM_JAN_2019\\JerseyProducerHibernateApp\\src\\test\\resources","outputFolder":"D:\\Webservices_4PM_JAN_2019\\JerseyProducerHibernateApp\\target\\test-classes","isSystem":false,"isOwn":true,"isTest":true,"isJavaContent":false},{"kind":"source","path":"D:\\Webservices_4PM_JAN_2019\\JerseyProducerHibernateApp\\src\\test\\java","outputFolder":"D:\\Webservices_4PM_JAN_2019\\JerseyProducerHibernateApp\\target\\test-classes","javadocContainerUrl":"file:/D:/Webservices_4PM_JAN_2019/JerseyProducerHibernateApp/target/site/apidocs","isSystem":false,"isOwn":true,"isTest":false,"isJavaContent":false}]}